Images,Links
https://static.wikia.nocookie.net/hotwheels/images/e/e3/Mercedesbenz280sl.jpg/revision/latest?cb=20080311165046,/wiki/Mercedes-Benz_280SL
https://static.wikia.nocookie.net/hotwheels/images/2/21/Mercedes-BenzC-111.jpg/revision/latest?cb=20080315160141,/wiki/Mercedes-Benz_C-111
https://static.wikia.nocookie.net/hotwheels/images/6/6d/Mercedes_benz_280SL_73.jpg/revision/latest?cb=20130127050838,/wiki/Mercedes-Benz_280SL_(1973)
https://static.wikia.nocookie.net/hotwheels/images/6/63/Mercedes_540K_-_5375ef.jpg/revision/latest?cb=20090612150917,/wiki/Mercedes_540K
https://static.wikia.nocookie.net/hotwheels/images/c/c0/R0018539.JPG/revision/latest?cb=20170709225451,/wiki/Mercedes_380_SEL
https://static.wikia.nocookie.net/hotwheels/images/7/7b/Mercedes_Benz_Unimog_Wht.JPG/revision/latest?cb=20090108184800,/wiki/Mercedes-Benz_Unimog
https://static.wikia.nocookie.net/hotwheels/images/6/69/Mercedes-Benz_SL_CrmUH.JPG/revision/latest?cb=20081219193142,/wiki/Mercedes-Benz_SL
https://static.wikia.nocookie.net/hotwheels/images/e/e6/MBBExcorgi.jpg/revision/latest?cb=20120526180303,/wiki/Mercedes-Benz_Bus
https://static.wikia.nocookie.net/hotwheels/images/5/52/Mercedes_2.6_190E.JPG/revision/latest?cb=20180127205146,/wiki/Mercedes_2.6_190E
https://static.wikia.nocookie.net/hotwheels/images/d/d2/S-l1600-2-1580471418.jpg/revision/latest?cb=20200131115018,/wiki/Mercedes-Benz_500_SL
https://static.wikia.nocookie.net/hotwheels/images/b/b5/Image_Not_Available.jpg/revision/latest?cb=20151025125428,/wiki/Mercedes-Benz_220_D_Ambulance
https://static.wikia.nocookie.net/hotwheels/images/a/a6/Mercedes_C-Class_-_97FE.jpg/revision/latest?cb=20151223055513,/wiki/Mercedes_C-Class
https://static.wikia.nocookie.net/hotwheels/images/7/74/Mercedes_300TD_-_6976df.jpg/revision/latest?cb=20090106053145,/wiki/Mercedes_300TD
https://static.wikia.nocookie.net/hotwheels/images/2/21/Mercedes_SLK_YelDT.JPG/revision/latest?cb=20090126060614,/wiki/Mercedes_SLK
https://static.wikia.nocookie.net/hotwheels/images/e/e5/Mercedes_CLK-LM_Gry.JPG/revision/latest?cb=20090110180137,/wiki/Mercedes_CLK-LM
https://static.wikia.nocookie.net/hotwheels/images/d/de/Mercedes-BenzE-ClassBlue_loose.jpeg/revision/latest?cb=20211123162636,/wiki/Mercedes-Benz_E-Class
https://static.wikia.nocookie.net/hotwheels/images/f/fe/Mercedes_CLK-GTR.jpg/revision/latest?cb=20220704034719,/wiki/Mercedes_CLK-GTR
https://static.wikia.nocookie.net/hotwheels/images/f/f4/2004W-CL55_%28Large%29.JPG/revision/latest?cb=20210101092706,/wiki/Mercedes-Benz_CL55_AMG
https://static.wikia.nocookie.net/hotwheels/images/8/83/Mercedes_SL55_19.JPG/revision/latest?cb=20190307063057,/wiki/Mercedes_SL55_AMG
https://static.wikia.nocookie.net/hotwheels/images/2/22/2005-034a.jpg/revision/latest?cb=20100427071824,/wiki/Mercedes-Benz_G500_(Blings)
https://static.wikia.nocookie.net/hotwheels/images/e/ec/AMG_Mercedes_CLK_DTM_-_06FEBlack.jpg/revision/latest?cb=20081126202543,/wiki/AMG-Mercedes_CLK_DTM
https://static.wikia.nocookie.net/hotwheels/images/e/e3/C373B8BF-A262-4C82-B4C5-19E5E3480738.jpeg/revision/latest?cb=20190228022009,/wiki/Mercedes-Benz_190E_2.5-16_EVO_II
https://static.wikia.nocookie.net/hotwheels/images/1/13/IMG20170617070254.jpg/revision/latest?cb=20170616230414,/wiki/%2715_Mercedes-AMG_GT
https://static.wikia.nocookie.net/hotwheels/images/b/b4/MercedesAMGGTGrey.JPG/revision/latest?cb=20180311041256,/wiki/%2716_Mercedes-AMG_GT3
https://static.wikia.nocookie.net/hotwheels/images/9/97/Pop_Culture_Street_Fighter_Mercedes_Benz_Unimog_%283%29.jpg/revision/latest?cb=20181223012913,/wiki/%2788_Mercedes-Benz_Unimog_U_1300
https://static.wikia.nocookie.net/hotwheels/images/9/92/2019RLC-55MB1_%28Large%29.JPG/revision/latest?cb=20200315063424,/wiki/%2755_Mercedes-Benz_300_SL
https://static.wikia.nocookie.net/hotwheels/images/2/2c/Unimog_1300_19_Red.jpg/revision/latest?cb=20181110005523,/wiki/Mercedes-Benz_Unimog_1300
https://static.wikia.nocookie.net/hotwheels/images/4/43/HW_FF_Offroad_MercedesG.jpg/revision/latest?cb=20191022143238,/wiki/1991_Mercedes-Benz_G-Class
https://static.wikia.nocookie.net/hotwheels/images/b/b0/2019_Hot_Wheels_Mercedes-Benz_A-Class_loose.jpg/revision/latest?cb=20190222231259,/wiki/%2719_Mercedes-Benz_A-Class
https://static.wikia.nocookie.net/hotwheels/images/0/0e/IMG_3713.JPG/revision/latest?cb=20200514234425,/wiki/Mercedes-Benz_300_SL
https://static.wikia.nocookie.net/hotwheels/images/e/e9/2020CC-ModC5_%28Large%29.JPG/revision/latest?cb=20201018032641,/wiki/%2772_Mercedes-Benz_280_SEL_4.5
https://static.wikia.nocookie.net/hotwheels/images/0/0f/Mercedes-Benz_300_SEL_6.8_AMG_-_3_quarters.jpg/revision/latest?cb=20210524221733,/wiki/Mercedes-Benz_300_SEL_6.8_AMG
https://static.wikia.nocookie.net/hotwheels/images/a/af/2021NM25_%28Large%29.JPG/revision/latest?cb=20210425075854,/wiki/Mercedes-Benz_500_E
https://static.wikia.nocookie.net/hotwheels/images/e/e1/Actros.jpg/revision/latest?cb=20210124033210,/wiki/Mercedes-Benz_Actros
https://static.wikia.nocookie.net/hotwheels/images/6/64/Mercedes-Benz_CLK-GTR_%28Premium%29.jpg/revision/latest?cb=20211201060312,/wiki/1997_Mercedes-Benz_CLK-GTR
https://static.wikia.nocookie.net/hotwheels/images/9/9c/GRL31_-_Mercedes-Benz_Sprinter_Tourer_%281_of_2%29-2.jpg/revision/latest?cb=20220311173207,/wiki/Mercedes-Benz_Sprinter_Tourer
https://static.wikia.nocookie.net/hotwheels/images/1/14/C63BlackSeries.jpg/revision/latest?cb=20220222074345,/wiki/%2712_Mercedes-Benz_C63_AMG_Coupe_Black_Series
https://static.wikia.nocookie.net/hotwheels/images/f/f2/C-KlasseDTM.jpg/revision/latest?cb=20220222074511,/wiki/1994_AMG-Mercedes_C-Class_DTM_Touring_Car
https://static.wikia.nocookie.net/hotwheels/images/3/3c/Mercedes-Benz560SECAMG.jpg/revision/latest?cb=20230216101007,/wiki/%2789_Mercedes-Benz_560_SEC_AMG
