"('Lamborghini Countach',    Col #  Year                          Series                                  Color                                              Tampo             Base Color / Type                             Window Color Interior Color Wheel Type  Toy #   Country                                 Notes / Variations  Photo
0     60  1988                     Speed Fleet                                  White                                                NaN                 White / Metal                                    Smoke            Red         UH   4384  Malaysia                                                NaN    NaN
1    NaN  1988                  Color Changers                           Beige / Pink  Dual White & Blue rally stripes, Red ""31"" on h...                         ZAMAC  Issue variations Blue tint & Smoke tint            NaN         BW    NaN  Malaysia                                                NaN    NaN
2     60  1989                     Speed Fleet                                  White  Red, Blue & Yellow ""Lamborghini"" logo on hood,...                 White / Metal                                    Black            Red         UH   3794  Malaysia                                                NaN    NaN
3     60  1989                        Mainline                                  White                        Red & Blue ""Countach"" Sides                 White / Metal                                    Black            Red         UH   3794  Malaysia                                                NaN    NaN
4     60  1989                        Mainline                                  White                        Red & Blue ""Countach"" sides                 White / Metal                                    Black            Red    Gold UH   3794  Malaysia                                      International    NaN
5    NaN  1989                  Park 'n Plates                                    Red                                                NaN                   Red / Metal                                    Clear          White         UH   9222  Malaysia                                 International Only    NaN
6    NaN  1990                    Automagic II                                 Purple                                                NaN                         ZAMAC                                Turquoise          White         BW    NaN  Malaysia                                                NaN    NaN
7    NaN  1990                    Automagic II                            Dark Purple                                                NaN                         ZAMAC                           Tinted (Black)          White         BW    NaN  Malaysia                                                NaN    NaN
8    5pk  1993  25th Anniversary Exotic 5-Pack                                   Gray                                                NaN                  Gray / Metal                                    Clear            Red         UH   4384  Malaysia                                        5-pack Only    NaN
9    232  1993                        Mainline                                    Red                            White, Black ""Countach""                   Red / Metal                           Tinted (Black)          Black         UH   4384  Malaysia                                                NaN    NaN
10   NaN  1993                       Revealers                                  White                          Black, Red, Yellow, coins                 White / Metal                               Black tint            Red    Lime UH   4384  Malaysia                                                NaN    NaN
11   NaN  1993                       Revealers                        Metallic Silver                          Black, Red & Yellow coins       Metallic Silver / Metal                               Black tint            Red    UH Lime   4384  Malaysia                                                NaN    NaN
12   NaN  1993                       Revealers                            Bright Pink                          Black, Red, Yellow, coins                         ZAMAC                               Black tint          Black    UH Pink   4384  Malaysia                                                NaN    NaN
13   NaN  1993                       Revealers                          Gold (Chrome)                                                NaN                  Gold / Metal                              Smoked Tint            Tan    UH Gold    NaN  Malaysia  Gold Token 1st Prize Less than 1000 total were...    NaN
14   NaN  1993                        Color FX  Color Changer, Off White / Steel Blue  Pink, Green, & Black three-headed snake deco o...         Midnight Blue / Metal                                    Clear          Green         UH  11049  Malaysia                                       Plastic body    NaN
15   232  1994                        Mainline                                    Red                            White, Black ""Countach""                   Red / Metal                           Tinted (Black)          Black    UH Gold   4384  Malaysia                                                NaN    NaN
16   NaN  1995        Tony's Pizza Promotional                                    Red                                                NaN                   Red / Metal                           Tinted (Black)          Black         UH   4384  Malaysia                                Baggie Only Mail in    NaN
17   232  1996                        Mainline                                  White                                                NaN                 White / Metal                                    Black            Red       5DOT   4384  Malaysia                                                NaN    NaN
18   232  1996                        Mainline                                  White                                                NaN                 White / Metal                                    Clear            Red       5DOT   4384  Malaysia                                                NaN    NaN
19   429  1996                  Treasure Hunts                     Fluorescent Orange     Black trim details, Gold HW Logo on windshield  Fluorescent Orange / Plastic                                    Clear            Tan        PC6  15075  Malaysia                                                NaN    NaN
20   429  1996                  Treasure Hunts                     Fluorescent Orange     Black trim details, Gold HW Logo on windshield  Fluorescent Orange / Plastic                                    Clear            Tan        PC5  15075  Malaysia                                         Ultra Rare    NaN
21   NaN  1997                   Street Racers                                    NaN                                                NaN                           NaN                                      NaN            NaN        NaN    NaN       NaN                                                NaN    NaN
22   NaN  2011                    The Hot Ones                                 Orange     Black & silver stripes, ""Lamborghini"" on doors                         ZAMAC                                   Orange         Silver         HO  W1552  Thailand                             Base code(s): D35, D37    NaN
23   NaN  2017                 Lamborghini 1/8                                    Red         Detailed headlights, Black stripe on sides                   Red / Metal                                    Smoke          Black   Gold 5SP  DWF24  Thailand                        Base code(s): J52, K09, K10    NaN)"
"('Lamborghini Diablo',     Col #  Year                          Series                  Color                                              Tampo Base Color / Type    Window Color Interior Color Wheel Type    Toy #   Country                           Notes  Photo
0   123.0  1991                 1991 Hot Wheels                    Red                           Yellow ""Diablo"" on sides       Red / Metal       Gray tint            Tan         UH   5672.0  Malaysia                             NaN    NaN
1   176.0  1992                 1992 Hot Wheels  Blue with Red Glitter                                           no tampo             ZAMAC        Red tint            Red         UH   5672.0  Malaysia                    Blue spoiler    NaN
2   176.0  1992                 1992 Hot Wheels  Blue with Red Glitter                                           no tampo             ZAMAC        Red tint            Red         UH   5672.0  Malaysia              Light Blue spoiler    NaN
3     NaN  1993                       Revealers                    Red                                Orange & Pink waves             ZAMAC       Gray tint            Tan    Lime UH   5672.0  Malaysia                             NaN    NaN
4     NaN  1993                       Revealers              Met. Blue                                Orange & Pink waves             ZAMAC       Gray tint            Tan    Lime UH   5672.0  Malaysia                             NaN    NaN
5     NaN  1993                       Revealers                  Black                                Orange & Pink waves             ZAMAC       Gray tint            Tan    Pink UH   5672.0  Malaysia                             NaN    NaN
6     NaN  1993               Revealers 10-Pack            Bright Pink                   Purple & Orange wing-like thingy             ZAMAC      Black tint         Yellow         UH   5672.0  Malaysia             10-Pack was a prize    NaN
7     NaN  1993  25th Anniversary Exotic 5-Pack                  Black                              Red ""Diablo"" on sides             ZAMAC           Clear            Red         UH   5672.0  Malaysia                             NaN    NaN
8   227.0  1994                 1994 Hot Wheels                 Yellow                            Black ""Diablo"" on sides             ZAMAC        Red tint            Red         UH   4406.0  Malaysia                             NaN    NaN
9   227.0  1995                 1995 Hot Wheels                 Yellow                            Black ""Diablo"" on sides             ZAMAC        Red tint            Red        5SP   4406.0  Malaysia                             NaN    NaN
10  227.0  1995                 1995 Hot Wheels      Metalflake Purple          tiny silver Hot Wheels Logo on windshield     Black / Metal           Clear         Purple        5SP   4406.0  Malaysia                             NaN    NaN
11  227.0  1995                 1995 Hot Wheels           Pearl Purple          tiny silver Hot Wheels Logo on windshield     Black / Metal           Clear         Purple        5SP   4406.0  Malaysia                             NaN    NaN
12  227.0  1995                 1995 Hot Wheels           Pearl Purple          tiny silver Hot Wheels Logo on windshield     Black / Metal           Clear         Purple       5DOT   4406.0  Malaysia                             NaN    NaN
13  227.0  1995                 1995 Hot Wheels           Pearl Purple            tiny gold Hot Wheels Logo on windshield     Black / Metal           Black         Purple         SB   4406.0  Malaysia                             NaN    NaN
14  227.0  1995                 1995 Hot Wheels      Metalflake Purple          tiny silver Hot Wheels Logo on windshield   Black / Plastic           Clear         Purple       5DOT   4406.0  Malaysia                             NaN    NaN
15  781.0  1998                 1998 Hot Wheels    Metalflake Dark Red                         gold HW Logo on windshield     Black / Metal  Tinted (Black)            Tan       5DOT  19950.0  Malaysia                             NaN    NaN
16  781.0  1998                 1998 Hot Wheels    Metalflake Dark Red                   Gold HW logo on front windshield     Black / Metal  Tinted (Black)            Tan        5SP  19950.0  Malaysia                             NaN    NaN
17  946.0  1999               X-Ray Cruiser 2/4  Metalflake Dark Green                           Black and White markings     Black / Metal  Tinted (Black)          Black        5SP   4406.0  Malaysia                             NaN    NaN
18  114.0  2000              Virtual Collection        Metalflake Blue              tiny White Hot Wheels Logo on spoiler     Black / Metal           Clear          White       5DOT  27081.0  Malaysia                             NaN    NaN
19  124.0  2001                        Mainline      Metalflake Purple              Lamborghini Diablo tampos on the side    Silver / Metal      Smoke tint          Black        3SP  50654.0  Malaysia  also found with unpainted base    NaN
20  124.0  2001                        Mainline      Metalflake Purple              Lamborghini Diablo tampos on the side             ZAMAC      Smoke tint          Black        PR5  50654.0  Malaysia                             NaN    NaN
21    NaN  2003   Hall of Fame - Greatest Rides                 Yellow  Lamborghini Badge on hood and sides, colored r...    Yellow / Metal      Smoke tint          Black      RRMAG      NaN  Malaysia                             NaN    NaN
22  203.0  2003                Final Run Series                    Red  Black and Silver ""Lamborghini"" on side ""Final ...     Black / Metal      Black tint          Black        PR5  57180.0  Malaysia                             NaN    NaN)"
"('25th Anniversary Lamborghini Countach',       Col #  Year                                  Series                   Color                                              Tampo       Base Color     Window Color Interior Color             Wheel Type  Toy #   Country                                              Notes  Photo
0       510  1997                    First Editions 12/12            Pearl Yellow                 Gold Hot Wheels Logo on Windsheild  Black / Plastic            Clear          Black                   5DOT  16663  Malaysia                                                NaN    NaN
1       768  1998                                Mainline                   Black                 Gold Hot Wheels Logo on Windsheild  Black / Plastic            Clear            Red                   5DOT  19937  Malaysia                                                NaN    NaN
2       NaN  1998                 Employee Happy Birthday             Chrome Gold               Red & Black 'Happy Birthday' on hood  Black / Plastic            Clear            Red             Orange 7SP    NaN  Malaysia  Ultra rare. Only given to employees of the Mat...    NaN
3       NaN  1998                             Flag Flyers                     Red  White & Green Checkers, Lamborghini Logo on Ho...  Black / Plastic            Clear            Tan                     LW  18834  Malaysia                                                NaN    NaN
4      1089  1999                                Mainline                  Silver                White Hot Wheels Logo on Windsheild  Black / Plastic            Clear          Black                   5DOT  65868  Malaysia                                                NaN    NaN
5       NaN  1999          Kool Toys Super Race Rigs Pack            Pearl Yellow  Black & red flames on sides, red & white Hot W...  Black / Plastic      Opaque Gray            NaN                   5DOT  89383     China                                                NaN    NaN
6       NaN  1999                            Long Haulers               Dark Blue                                                NaN  Black / Plastic            Clear            Red                   5DOT  65867  Malaysia                                                NaN    NaN
7       NaN  1999                            Long Haulers                   Black                                                NaN  Black / Plastic            Clear            Red                   5DOT  65867  Malaysia                                                NaN    NaN
8       NaN  2000                          World Racers 2                   White        Orange '07', 'Lamborghini' & Sponsors Logos  Black / Plastic  Tinted (Orange)          Black                   5DOT  25370  Thailand                                                NaN    NaN
9       NaN  2000                       Pavement Pounders            Pearl Yellow  Red & Black design on sides; Red Hot Wheels lo...  Black / Plastic            Clear          Black                   5DOT  89850     China                            Came with Cabover Truck    NaN
10  130/240  2001                                Mainline                    Blue  Silver Hot Wheels Logo, 'Lamborghini' & '1' on...  Black / Plastic            Clear          White                    PR5  50659  Malaysia       Named: 25th Anniversary Lamborghini Countach    NaN
11  130/240  2001                                Mainline                    Blue  Silver Hot Wheels Logo, 'Lamborghini' & '1' on...  Black / Plastic            Clear          White                   5DOT  50659  Malaysia       Named: 25th Anniversary Lamborghini Countach    NaN
12      NaN  2001            Power Launcher Exclusive Car               Dark Blue                            2 Silver Racing Stripes  Black / Plastic            Clear            Red                   5DOT  65868     China                                                NaN    NaN
13      NaN  2001            Power Launcher Exclusive Car                  Orange           Black Hot Wheels Logo & Speckles on door  Black / Plastic            Clear           Blue                   5DOT  89382     China                                                NaN    NaN
14      NaN  2001            Power Launcher Exclusive Car                  Yellow                                                NaN  Black / Plastic            Clear            Red                   5DOT  65868     China                                                NaN    NaN
15      NaN  2001            Power Launcher Exclusive Car                     Red  Light Blue & White Stars & Stripes & 'Stunt Fl...  Black / Plastic            Clear            Red                   5DOT  65868     China                                                NaN    NaN
16      NaN  2001            Power Launcher Exclusive Car                    Blue  Orange & Silver Jet Plane on side & 'Hyper Thr...  Black / Plastic   Tinted (Black)          Black                   5DOT  65868     China                                                NaN    NaN
17  196/243  2002                                Mainline  Metalflake Dark Orange  Silver & Gold Hot Wheels Logo, 'Lamborghini' &...  Black / Plastic            Clear          Black                    5SP  55081  Malaysia                                                NaN    NaN
18      NaN  2002                       Pavement Pounders         Metallic Silver        Orange '07', 'Lamborghini' & Sponsors Logos  Black / Plastic  Tinted (Orange)          Black                   5DOT  89046  Malaysia                             Came with Future Truck    NaN
19      NaN  2002                       Pavement Pounders                     Red                    Black Flames & 'Shogun' on side  Black / Plastic   Tinted (Black)           Gray                   5DOT  89345     China                Came with Streamlined Cabover Truck    NaN
20      NaN  2002                       Pavement Pounders                    Grey                            Purple & Yellow stripes  Black / Plastic              NaN            NaN                   5DOT  89348     China                             Came with Future Truck    NaN
21      NaN  2002                   Auto Milestones 15/16                  Yellow         Black, Silver ""Automobile Milestones"" Logo  Black / Plastic    Tinted (Gray)          Black                    PC6  55939  Thailand                                                NaN    NaN
22      NaN  2004  Whips - West Cost Customs (New School)                     Red                                                NaN  Black / Plastic            Clear          Black              6SP BLING  G7757  Malaysia                                   Limited Quantity    NaN
23      NaN  2004  Whips - West Cost Customs (New School)                  Purple                                                NaN  Black / Plastic            Clear          Black              5SP BLING  G2676  Malaysia                                   Limited Quantity    NaN
24      NaN  2009                     World Racers 5-pack                   White   Red, Green & Black Stripes, '7' & Sponsors Logos  Black / Plastic            Clear          Black              Black PR5  N4074  Thailand                                      Base Code(s):    NaN
25      NaN  2010                          Speed Machines            Matte Silver                                            Details  Black / Plastic    Tinted (Gray)          Black  Gold (Chrome Rim) CM6  R8499  Malaysia                                      Base Code(s):    NaN
26      NaN  2013                       World Race 5-Pack                    Blue       Black & Gold Stripes & 'Lamborghini' on side  Black / Plastic            Clear          Black        Chrome Gold PR5  X9856  Thailand                             Base Code(s): F41, G34    NaN)"
"('Lamborghini Miura',    Year                                  Series   Color    Tampo Base Color / Type Window Color Interior Color Wheel Type  Toy # Country  Notes / Variations  Photo
0  1999  Legends: Jay Leno Collection 4-Car Set  Yellow  Details     Black / Metal        Clear          Black         RR  19901   China                 NaN    NaN
1  2003                   100% Hot Wheels 16/32     Red  Details     Black / Metal        Clear          Black         RR  54554   China                 NaN    NaN)"
"('Lamborghini Murciélago',       Col #  Year                                 Series              Color                                              Tampo        Base / Type    Window Color Interior Color             Wheel Type  Toy #   Country                                 Notes / Variations  Photo
0       043  2003              2003 First Editions 31/42  Metalflake Yellow  Detailed head- & taillights, Lamborghini emble...    Black / Plastic           Clear          Black                    PR5  56390  Malaysia                                                NaN    NaN
1       204  2004                            Roll Patrol  Metalflake Silver                        Has ""Enforcer""on both sides    Black / Plastic  Tinted (Black)          Black                    PR5  B3804  Malaysia                                                NaN    NaN
2       NaN  2004  Whips: West Cost Customs (New School)  Metalflake Purple  Detailed headlamps & taillights, ""Hot Wheels"" ...    Black / Plastic  Tinted (Black)          Black                  RR5SP  C2658  Malaysia                                                NaN    NaN
3   150/190  2009                      Dream Garage 4/10   Metalflake Green  Detailed headlamps & taillights, ""Hot Wheels"" ...    Black / Plastic  Tinted (Black)            NaN                    PR5  P2470  Malaysia                             Base code(s): A43, B02    NaN
4   150/190  2009                      Dream Garage 4/10   Metalflake White  Detailed headlamps & taillights, ""Hot Wheels"" ...    Black / Plastic  Tinted (Black)            NaN  Chrome Rim, Black PR5  P2470  Malaysia                             Base code(s): B10, D04    NaN
5   150/190  2009                      Dream Garage 4/10  Metalflake Orange  Detailed headlamps & taillights, ""Hot Wheels"" ...    Black / Plastic  Tinted (Black)          Black  Chrome Rim, Black PR5  P2470  Malaysia         Base code(s): B44, B51, B52, C03, C02, C08    NaN
6       NaN  2011                      HW Exotics 5-Pack    Metalflake Aqua  Detailed headlamps & taillights, Lamborghini e...    Black / Plastic  Tinted (Black)          Black                     Y5  T8641  Thailand                                  Base code(s): D51    NaN
7       NaN  2012                 Color Shifters: Batman          Flat Blue                        Batman Logo on hood & sides  Unpainted / Metal           Clear          Black                    PR5  W4522  Thailand                     Plastic body Base code(s): E50    NaN
8       NaN  2017                        Lamborghini 5/8             Yellow                                Detailed headlights    Black / Plastic  Tinted (Black)          Black          Dark Grey PR5  DWF22  Thailand                   Base code(s): J52, K05, K09, K10    NaN
9       NaN  2018                             Batman 6/6               Grey  Lamborghini Logo on hood, Lamborghini on trunk...    Black / Plastic           Clear          Black               Grey PR5  FKF42  Thailand                             Base code(s): K42, L07    NaN
10      NaN  2018                     Fast & Furious 6/6  Metalflake Orange                                Detailed headlights    Black / Plastic  Tinted (Black)          Black              Black PR5  FKF09  Thailand  Walmart Exclusive / Base code(s): L10, L11, L1...    NaN)"
"(""Lamborghini Countach ('Tooned)"",      Col #  Year                              Series             Color                                              Tampo    Base Color / Type    Window Color Interior Color                Wheel Type  Toy #   Country                      Notes / Variations  Photo
0      079  2004  2004 First Editions: Tooned 79/100            Orange     Lamborghini emblem on front, Silver headlights     Orange / Plastic  Tinted (Black)          Black                       PR5  C2704  Malaysia                                     NaN    NaN
1      079  2004  2004 First Editions: Tooned 79/100            Orange     Lamborghini emblem on front, Silver headlights     Orange / Plastic  Tinted (Black)          Black                       5SP  C2704  Malaysia                                     NaN    NaN
2      NaN  2013                 Multipack Exclusive            Yellow      Silver headlights, Lamborghini emblem on hood     Yellow / Plastic  Tinted (Black)          Black                       PR5  X6999  Malaysia                           Base code(s):    NaN
3      NaN  2014                 Multipack Exclusive  Metalflake Green      Silver headlights, Lamborghini emblem on hood      Green / Plastic  Tinted (Black)          Black                       PR5  X6999  Malaysia                       Base code(s): F43    NaN
4  054/365  2017                         Tooned 6/10             White     Detailed headlights, Lamborghini logo on front      White / Plastic  Tinted (Black)          Black                       PR5  DTX49  Malaysia  Updated tooling Base code(s): J38, J41    NaN
5  152/365  2017                         Tooned 6/10               Red     Detailed headlights, Lamborghini logo on front        Red / Plastic  Tinted (Black)          Black                       PR5  DVB37  Malaysia             Base code(s): J52, K01, K04    NaN
6      NaN  2018                          Tooned 1/5            Orange  Lamborghini Badge, Black Stripes on Hood, Roof...  Dark Grey / Plastic  Tinted (Black)      Dark Gray                       OH5  FJV70  Malaysia   Toys R Us Exclusive Base code(s): K38    NaN
7  082/365  2018                          Tooned 1/5              Blue  White racing stripes over front deck, roof and...      White / Plastic  Tinted (Black)           Gray                Gold TRAP5  FJW50  Malaysia                       Base code(s): K43    NaN
8  181/365  2018                          Tooned 1/5  Metalflake Black  Lamborghini Badge, Green Stripes on Hood, Roof...      Green / Plastic  Tinted (Black)          Green  Chrome Green & Black PR5  FJY44  Malaysia                       Base code(s): L02    NaN)"
"('Lamborghini Reventón',       Col #  Year                               Series               Color                                              Tampo Base Color / Type    Window Color Interior Color                 Wheel Type  Toy #   Country                                              Notes  Photo
0   021/190  2009                2009 New Models 21/42           Flat Grey  Headlights, Lamborghini Logo on Hood, ""Lamborg...   Black / Plastic  Tinted (Black)          Black                        PR5  N4024  Malaysia                   Base code(s): B13, B16, B20, B23    NaN
1       NaN  2010                       Speed Machines          Flat Black  Headlights, Taillights, Lamborghini Logo on Ho...   Black / Plastic  Tinted (Black)          Black                  Black CM6  R8489  Malaysia                                  Base code(s): B46    NaN
2       NaN  2010                       Speed Machines          Lime Green  Headlights, Lamborghini Logo on Hood & back St...   Black / Plastic  Tinted (Black)          Black         Chrome & Black CM6  T4420  Malaysia                   Base code(s): C07, C12, C15, C16    NaN
3   071/240  2010                       HW Garage 3/10         Pearl Green  Detailed headlights & Lamborghini emblem on ho...   Black / Plastic  Tinted (Black)          Black                        PR5  R7496  Malaysia              Base code(s): C07, C11, C12, C23, C27    NaN
4   079/214  2010                       HW Garage 3/10         Pearl Green  Detailed headlights & Lamborghini emblem on ho...   Black / Plastic  Tinted (Black)          Black                        PR5  R7496  Malaysia  International card Base code(s): C07, C11, C12...    NaN
5   071/240  2010                       HW Garage 3/10   Metalflake Orange  Detailed Head Lights.Back Lights & Lamborghini...   Black / Plastic  Tinted (Black)          Black                        PR5  R7496  Malaysia                   Base code(s): C34, C37, C40, C46    NaN
6   079/214  2010                       HW Garage 3/10   Metalflake Orange  Detailed Head Lights.Back Lights & Lamborghini...   Black / Plastic  Tinted (Black)          Black                        PR5  R7496  Malaysia  International card Base code(s): C34, C37, C40...    NaN
7   118/244  2011                    Nightburnerz 8/10              Yellow  Lamborghini emblem, Detailed headlights & back...    Grey / Plastic           Clear          Black                        PR5  T9825  Malaysia                        Base code(s): D14, D19, D21    NaN
8   118/244  2011                    Nightburnerz 8/10               Black  Lamborghini emblem, Detailed headlights & back...    Grey / Plastic           Clear            Tan                        PR5  V0055  Malaysia                             Base code(s): D28, D34    NaN
9   121/247  2012                    HW All Stars 1/10  Satin Burnt Orange                             Orange & Black stripes   Black / Plastic  Tinted (Black)          Black  Chrome Orange & Black PR5  V5424  Malaysia                   Base code(s): D49, D50, D51, E05    NaN
10  121/247  2012                    HW All Stars 1/10              Yellow                             Yellow & Black stripes   Black / Plastic  Tinted (Black)          Black  Chrome Orange & Black PR5  V5607  Malaysia                             Base code(s): E12, E13    NaN
11      NaN  2013                    World Race 5-Pack       Metallic Gold                       Black Stripe on Hood & Front   Black / Plastic           Clear          Black         Chrome & Black PR5  X9856  Thailand                        Base code(s): F16, F21, F41    NaN
12      NaN  2014                    HW Exotics 5-Pack               White     Detailed headlights, Lamborghini name & emblem   Black / Plastic  Tinted (Black)          Black          White & Black PR5  BFF36  Thailand                             Base code(s): G31, G45    NaN
13      NaN  2014  Mystery Models (International) 8/12                Grey                                Black stripe on top   Black / Plastic  Tinted (Black)          Black         Chrome & Black PR5  N4024  Thailand               European only Base code(s): G05, G24    NaN
14      NaN  2017                      Lamborghini 8/8               White          Detailed headlights, Orange stripe on top   Black / Plastic  Tinted (Black)          Black              Dark Grey PR5  DWF25  Thailand                        Base code(s): J52, K09, K10    NaN
15  224/250  2023                      HW Exotics 8/10                 Red                                                NaN               NaN             NaN            NaN                  Red TRAP5  HKH94  Malaysia                                      Base code(s):    NaN)"
"('Lamborghini Reventón Roadster',      Col #  Year                  Series                  Color                                              Tampo Base Color / Type    Window Color Interior Color    Wheel Type  Toy #            Country                                 Notes / Variations  Photo
0  023/240  2010   2010 New Models 23/44  Metalflake Matte Grey  Detailed head- & taillights, Lamborghini logo ...   Black / Plastic  Tinted (Black)          Black           PR5  V3940           Malaysia                   Base code(s): C25, C26, C27, C30    NaN
1  025/214  2010  2010 HW Premiere 25/52  Metalflake Matte Grey  Detailed head- & taillights, Lamborghini logo ...   Black / Plastic  Tinted (Black)          Black           PR5  V3940           Malaysia  International card Base code(s): C25, C26, C27...    NaN
2  023/240  2010   2010 New Models 23/44      Pearl Dark Yellow  Painted headlights and tail lights, Lamborghin...   Black / Plastic  Tinted (Black)          Black           PR5  V3940           Malaysia                             Base code(s): C36, C39    NaN
3  025/214  2010  2010 HW Premiere 25/52      Pearl Dark Yellow  Painted headlights and tail lights, Lamborghin...   Black / Plastic  Tinted (Black)          Black           PR5  V3940           Malaysia               International card Base code(s): C39    NaN
4      NaN  2011          Speed Machines   Metalflake Dark Blue  Painted headlights and tail lights, Lamborghin...    Gray / Plastic           Clear          Black           CM6  W2309  Malaysia Thailand     Named Reventón Roadster Base code(s): D23, D25    NaN
5      NaN  2013          Speed Machines   Metalflake Dark Blue  White stripes on sides & hood, detailed head- ...    Gray / Plastic           Clear          Black           OH5  W2309           Thailand          Named Reventón Roadster Base code(s): F12    NaN
6      NaN  2017         Lamborghini 6/8      Metalflake Silver   Detailed head- & taillights, Black stripe on top   Black / Plastic  Tinted (Black)          Black  Dark Gray Y5  DWF23           Thailand                        Base code(s): J52, K09, K10    NaN
7  018/250  2019        HW Roadsters 2/5                  Green  Detailed headlights, Black and Gold stripes ac...   Black / Plastic  Tinted (Black)          Black    Gold TRAP5  FYD28           Malaysia    Base code(s): L23, L27, L30, L31, L32, L34, L37    NaN
8  018/250  2019        Red Edition 2/12                    Red  Detailed headlights, White and Gray stripes ac...   Black / Plastic  Tinted (Black)           Gray         DGRA6  FYG63           Malaysia                                  Base code(s): L37    NaN
9  018/250  2019        HW Roadsters 2/5            Pearl White  Detailed headlights, Red and Green stripes acr...   Black / Plastic  Tinted (Smoke)      Dark Grey    Grey TRAP5  FYF70           Malaysia                        Base code(s): M22, M24, M26    NaN)"
"('Lamborghini Gallardo LP560-4',       Col #  Year                  Series                  Color                                              Tampo    Base Color / Type    Window Color Interior Color                Wheel Type  Toy #   Country                          Notes / Variations  Photo
0   121/240  2010          All Stars 3/10            Satin Black  Headlights, Lamborghini Logo on Hood, ""Lamborg...  Dark Grey / Plastic           Clear          Black                      10SP  R7546  Malaysia  Base code(s): B36, B38, B44, B45, B46, B51    NaN
1   012/214  2010  2010 HW Premiere 12/52            Satin Black  Headlights, Lamborghini Logo on Hood, ""Lamborg...  Dark Grey / Plastic           Clear          Black                        LW  R0927  Malaysia  Base code(s): B36, B38, B44, B45, B46, B51    NaN
2   121/240  2010          All Stars 3/10            Satin White  Headlights, Lamborghini Logo on Hood, ""Lamborg...  Dark Grey / Plastic          Tinted      Dark Grey                        LW  R7546  Malaysia                   Base codes: C20, C21, C24    NaN
3   012/214  2010  2010 HW Premiere 12/52            Satin White  Headlights, Lamborghini Logo on Hood, ""Lamborg...  Dark Grey / Plastic          Tinted      Dark Grey                        LW  R0927  Malaysia                   Base codes: C20, C21, C24    NaN
4       NaN  2010          Speed Machines                  Green  Headlights, Lamborghini Logo on Hood, Lamborgh...      Black / Plastic       Dark tint          Black                 Black CM6  W2308  Malaysia                           Base code(s): E02    NaN
5       NaN  2010          Speed Machines          Metallic Blue  White Stripes, ""Polizia"" and ""113"" on sides, L...      Black / Plastic       Dark tint          Black             Dark Grey CM6  R4023  Malaysia                   Base codes: B49, B52, C01    NaN
6       NaN  2010          Speed Machines            Pearl White        Black Hood, Red Stripes ""Lamborghini"", ""56""      Black / Plastic           Clear            Red  Red Chrome Rim Black CM6  T4443  Malaysia                           Base code(s): C25    NaN
7       NaN  2011        Holiday Hot Rods      Lime Green Enamel  Headlights, Lamborghini emblem on hood, ""Lambo...      Black / Plastic       Dark Tint          Black                Chrome PR5  W3103  Malaysia                   Base codes: D28, D30, D31    NaN
8       NaN  2013          Speed Machines  Metalflake Dark Green  Detailed head- & taillights, Lamborghini logo ...      Black / Plastic  Tinted (Black)          Black                 Black OH5  W2308  Thailand                        Base codes: F02, F04    NaN
9       NaN  2016     Multipack Exclusive      Metalflake Orange  Detailed head- & taillights, Lamborghini logo ...      Black / Plastic  Tinted (Black)          Black                       PR5  X6999  Malaysia                           Base code(s): H52    NaN
10      NaN  2019     Multipack Exclusive                 Yellow  Headlights, Lamborghini Logo on Hood, ""Lamborg...      Black / Plastic  Tinted (Black)           Gold                Gray TRAP5  X6999  Malaysia         Base codes: L37, L38, L47, L48, M04    NaN
11      NaN  2020     Multipack Exclusive                   Blue  Headlights, Lamborghini Logo on Hood, ""Lamborg...      Black / Plastic  Tinted (Black)          Black              Yellow TRAP5  X6999  Malaysia         Base codes: M37, M38, M39, M47, M46    NaN
12      NaN  2020      Fast & Furious 4/5                  White                  Detailed Headlights & Taillights.      Black / Plastic  Tinted (Black)          Black                 Chrome LW  GJV60  Malaysia                 Base code(s): M42, M43, M46    NaN
13      NaN  2021     Multipack Exclusive                    Red  Headlights, Lamborghini Logo on Hood, ""Lamborg...      Black / Plastic  Tinted (Black)          Black                  Gray PR5  X6999  Malaysia                      Base code(s): N50, P17    NaN
14      NaN  2022     Multipack Exclusive                   Gold  Detailed headlights & taillights, Lamborghini ...      Black / Plastic  Tinted (Black)          Black                  Black Y5  X6999  Malaysia                           Base code(s): P49    NaN
15      NaN  2022     Multipack Exclusive            Light Green  Detailed headlights & taillights, Lamborghini ...      Black / Plastic  Tinted (Black)          Black                        Y5  X6999  Malaysia                           Base code(s): R06    NaN
16      NaN  2022     Multipack Exclusive             Flat Black  Detailed headlights & taillights, Lamborghini ...      Black / Plastic  Tinted (Black)           Gold                   Gold Y5  X6999  Malaysia                               Base code(s):    NaN
17      NaN  2023     Multipack Exclusive                   Grey  Detailed headlights & taillights, Lamborghini ...      Black / Plastic  Tinted (Smoke)          Black                 Black PR5  X6999  Malaysia                           Base code(s): R50    NaN)"
"('Lamborghini Gallardo LP 570-4 Superleggera',       Col #  Year                                          Series                                Color                                              Tampo    Base Color / Type    Window Color Interior Color                  Wheel Type  Toy #    Country                                 Notes / Variations  Photo
0   009/244  2011                            2011 New Models 9/50                                Green                                        Trim Detail  Dark Grey / Plastic          Tinted          Black                    Gray PR5  T9679   Malaysia                             Base code(s): C39, C41    NaN
1   009/244  2011                            2011 New Models 9/50                    Metalflake Yellow                                        Trim Detail  Dark Grey / Plastic          Tinted          Black                    Gray PR5  T9679   Malaysia         Base code(s): C49, C51, C52, D06, D03, D01    NaN
2   009/244  2011                            2011 New Models 9/50                                White                                        Trim Detail  Dark Grey / Plastic          Tinted          Black                     Gray J5  V0044   Malaysia         Base code(s): D37, D33, D31, D32, D38, D24    NaN
3   126/247  2012                               HW All Stars 6/10                           Royal Blue                               White & Gold stripes  Dark Grey / Plastic          Tinted          Brown  Gold Chrome-rim, Black PR5  V5429   Malaysia                   Base code(s): E14, E18, E19, E20    NaN
4   126/247  2012                               HW All Stars 6/10                      Metalflake Grey                                Black & Red stripes  Dark Grey / Plastic           Smoke           Grey          Red rim, Black PR5  V5667   Malaysia                        Base code(s): E31, E32, E35    NaN
5       NaN  2012                                  Light Speeders                        Golden Yellow                                          No tampos    Unpainted / Metal          Tinted            NaN           Orange Chrome PR5  W5453   Thailand                                      Base Code(s):    NaN
6   029/250  2013                          HW City: Night Burnerz                    Metalflake Orange  Black and white side stripes, headlights and b...  Dark Grey / Plastic          Tinted          Black                         PR5  X1682   Malaysia                   Base code(s): E44, E45, E46, E49    NaN
7   029/250  2013                          HW City: Night Burnerz                      Metalflake Blue  Black and white side stripes, headlights and b...  Dark Grey / Plastic          Tinted          Black                 Chrome FTE2  X1877   Malaysia                        Base code(s): F06, F09, F10    NaN
8       NaN  2014                                  Color Shifters  Cold Black Chrome Warm White Chrome  Black side stripes, Silver ""Police"" tampos on ...         Blue / Metal            Blue         Chrome       Chrome rim, Black PR5    NaN   Thailand                                  Base code(s): G11    NaN
9       NaN  2015                            Color Shifters 32/48          Warm White Cold Salmon Pink            Black & White stripes, HW Logo on sides       Chrome / Metal          Tinted          Black   Red Chrome rim, Black PR5  CFM38   Thailand                             Base code(s): H33, H46    NaN
10      NaN  2016                                Gran Turismo 7/8                          Dark Yellow  '57' on sides & top, Black stripes on sides, d...      Black / Plastic   Tinted (Grey)          Black                   Black PR5  DJL19   Thailand                        Base code(s): J06, J07, J26    NaN
11      NaN  2016  Hot Wheels Entertainment: Forza Motorsport 5/5                                Black  Green & Grey stripe on sides & front, Forza lo...        Black / Metal           Clear          Black                Black RR10SP  DJF55   Malaysia  Base code(s): J33, J39 Also included in Forza ...    NaN
12      NaN  2019                Fast & Furious: Fast Imports 4/5                    Metalflake Yellow  Black and white side stripes, headlights and b...        Black / Metal          Tinted          Black                Black RR10SP  GBW77   Thailand                             Base code(s): L46, N14    NaN
13      NaN  2019                               HW Exotics 5-Pack                           Gloss Lime              Black stripe, ""Superleggera"" on sides      Black / Plastic  Tinted (Smoke)          Black                  Black 10SP  FYL17  Indonesia              Base code(s): L47, L50, M06, M13, M22    NaN
14      NaN  2020                              Lamborghini 5-Pack                    Metalflake Orange  Detailed Headlights. Black & White striping on...      Black / Plastic  Tinted (Black)          Black                          J5  GHP62  Indonesia              Base code(s): N18, N19, N24, N42, N49    NaN)"
"('Lamborghini Murciélago LP 670-4 SV',    Col #  Year                     Series     Color                                              Tampo Base Color / Type    Window Color Interior Color                    Wheel Type  Toy #    Country                                              Notes  Photo
0    NaN  2011             Speed Machines    Yellow  Front and rear painted lights, Lamborghini emb...   Black / Plastic           Clear          Black                     Black CM6  V3098   Malaysia                          Base codes: C50, D02, D04    NaN
1    NaN  2011  Cars of the Decades 32/32     White  Detailed lights, Lamborghini emblem on hood, B...   Black / Plastic           Clear           Grey          White rim, Black PR5  W1761   Malaysia                               Base codes: D18, D22    NaN
2    NaN  2020         Lamborghini 5-Pack  Charcoal  Detailed headlamps, SV lettering on sides, bla...   Black / Plastic  Tinted (Smoke)          Black  Chrome Orange rim, Black PR5  GHP62  Indonesia  Named Lamborghini Murciélago Superveloce Base ...    NaN)"
"('Lamborghini Estoque',      Col #  Year                     Series                 Color                                              Tampo Base Color / Type    Window Color Interior Color             Wheel Type  Toy #   Country                          Notes / Variations  Photo
0  048/244  2011      2011 New Models 48/50       Metalflake Grey          Detailed headlights w/ Lamborghini emblem   Black / Plastic           Clear           Grey   Chrome rim, Black J5  T9718  Malaysia                      Base code(s): D25, D28    NaN
1  048/244  2011      2011 New Models 48/50  Metalflake Dark Blue          Detailed headlights w/ Lamborghini emblem    Grey / Plastic           Clear      Dark Grey   Chrome rim, Black J5  V5555  Malaysia                 Base code(s): D41, D49, D50    NaN
2      NaN  2012       Mystery Models 18/24      Metalflake White          Detailed headlights w/ Lamborghini emblem    Grey / Plastic   Tinted (Blue)          Black  Chrome rim, Black PR5    NaN  Malaysia                           Base code(s): E03    NaN
3  128/247  2012          HW All Stars 8/10                Yellow  Detailed headlights w/ Lamborghini emblem, Bla...    Grey / Plastic  Tinted (Black)      Dark Grey                    OH5  V5431  Malaysia                           Base code(s): E26    NaN
4  128/247  2012          HW All Stars 8/10                Yellow  Detailed headlights w/ Lamborghini emblem, Bla...    Grey / Plastic  Tinted (Black)      Dark Grey                  RL5SP  V5431  Malaysia       Wal-Mart Exclusives Base code(s): E18    NaN
5  128/247  2012          HW All Stars 8/10                Orange  Detailed headlights w/ Lamborghini emblem, Bla...    Grey / Plastic  Tinted (Black)          Black                    MC5  W4452  Malaysia  Kmart Excl: Sep 15, 2012 Base code(s): E25    NaN
6  197/250  2014  HW Workshop: HW All Stars   Metalflake Burgundy          Detailed headlights w/ Lamborghini emblem    Grey / Plastic  Tinted (Black)          Black       Gold & Black PR5  BFD71  Malaysia            Base code(s): F13, F39, F41, F43    NaN
7  197/250  2014  HW Workshop: HW All Stars     Metalflake Silver          Detailed headlights w/ Lamborghini emblem   Black / Plastic  Tinted (Black)            Tan       Gold & Black PR5  BFF85  Malaysia                 Base code(s): G26, G28, G29    NaN
8      NaN  2017            Lamborghini 3/8                 White  Detailed headlights w/ Lamborghini emblem, Sil...   Black / Plastic  Tinted (Black)          Black              Gold 10SP  DWF27  Thailand                           Base code(s): J52    NaN
9      NaN  2022          Luxury Sedans 2/5           Blu Nethuns  Detailed headlamps and taillamps, small Italia...   Black / Plastic  Tinted (Black)      Dark Grey    CBJ5 Chrome & Black  HDH13  Malaysia                      Base code(s): P51, P52    NaN)"
"('Lamborghini Aventador',       Col #  Year                                        Series                             Color                                              Tampo            Base Color / Type     Window Color Interior Color            Wheel Type  Toy #   Country                                 Notes / Variations  Photo
0   012/247  2012                         2012 New Models 12/50          Metalflake Arancio Argos            Detailed headlights, Lamborghini emblem               Gray / Plastic            Clear           Grey             Black PR5  V5300  Malaysia              Base code(s): D40, D41, D42, D43, D44    NaN
1   012/247  2012                         2012 New Models 12/50         Metalflake Grigio Antares            Detailed headlights, Lamborghini emblem              Black / Plastic       Smoke tint          Black    Chrome & Black PR5  V5582  Malaysia              Base code(s): D52, E01, E03, E07, E08    NaN
2       NaN  2012                           Super Speeders 1/12             Metallic Giallo Orion            Detailed headlights, Lamborghini emblem               Grey / Plastic            Clear           Grey             Black PR5  Y2611  Malaysia                 Kroger Exclusive Base code(s): E26    NaN
3   173/250  2013                     HW Showroom: HW All Stars              Matte Bianco Canopus            Detailed headlights, Lamborghini emblem              Black / Plastic       Smoke tint          Black              Gray PR5  X1843  Malaysia                        Base code(s): E29, E36, E38    NaN
4   173/250  2013                     HW Showroom: HW All Stars                Matte Nero Nemesis            Detailed headlights, Lamborghini emblem              Black / Plastic       Smoke tint           Grey                   PR5  X1992  Malaysia                        Base code(s): E44, E45, E49    NaN
5       NaN  2014                             HW Exotics 5-Pack                      Verde Ithaca  White stripes on top and hood, detailed headli...              Black / Plastic       Smoke tint           Grey              Grey PR5  BFB36  Thailand                                  Base code(s): G29    NaN
6       NaN  2016                              Gran Turismo 8/8                     Arancio Argos  Black trunk, '4' on trunk & sides, detailed he...              Black / Plastic       Smoke tint           Grey    Chrome & Black MC5  DJL20  Thailand                        Base code(s): J07, J15, J28    NaN
7       NaN  2016                             HW Exotics 5-Pack                     Arancio Atlas  Black and silver strips on top an hood, detail...              Black / Plastic            Clear           Grey  Chrome & Black OH5SP  DJD29  Thailand                             Base code(s): J25, J48    NaN
8       NaN  2017                               Lamborghini 4/8            Metalflake Nero Pegaso                                Detailed headlights              Black / Plastic            Clear           Grey         Dark Grey PR5  DWF26  Thailand                                  Base code(s): K10    NaN
9   239/365  2018                               HW Exotics 6/10               Rosso Arancio Miura  Detailed headlights, Miura 50 logo & Gold stri...              Black / Plastic            Clear          Black              Gold PR5  FJY02  Malaysia  Named Aventador Miura Homage Base code(s): L11...    NaN
10      NaN  2018                               HW Exotics 6/10  Spectraflame Rosso Arancio Miura  Detailed headlights, Miura 50 logo & Gold stri...              Black / Plastic            Clear          Black                  RREx  FKB50  Malaysia  Super Treasure Hunt Named Aventador Miura Homa...    NaN
11      NaN  2018                               HW Exotics 6/10                        Blu Tahiti  Detailed headlights, Miura 50 logo in front of...              Black / Plastic            Clear          Black              Gold PR5  FKC08  Malaysia  Kmart Exclusive Named Aventador Miura Homage B...    NaN
12      NaN  2019                                  Gumball 3000                       Nero Pegaso  Light Blue, Red, Beige & Green Camo graphics, ...              Black / Plastic            Smoke          Black           Black TRAP5  GPD62  Malaysia  Created for attendees of Gumball Rally+dinner,...    NaN
13      NaN  2020  Replica Entertainment: The Dark Knight Rises         Metalflake Grigio Antares            Detailed headlights, Lamborghini emblem                Black / Metal  Tinted (Smoked)          Black          Black RR10SP  GJR43  Thailand                        Base code(s): M49, M50, M51    NaN
14      NaN  2020                                 HW Police 4/5                    Bianco Canopus  Detailed headlights. Green stripes, POLICE, 99...              Black / Plastic       Smoke tint          Black             Black PR5  GJV65  Malaysia  Dubai Police car Named Lamborghini Aventador C...    NaN
15      NaN  2020                 Fast & Furious: Euro Fast 3/5                Matte Nero Nemesis            Detailed headlights, Lamborghini emblem                Black / Metal            Clear          Black          Black RR5SPM  GXV65  Thailand  Named Lamborghini Aventador Coupe Base code(s)...    NaN
16      NaN  2021                           1/4 Mile Finals 4/5               Rosso Arancio Miura  Detailed headlights, Lamborghini emblem, ""Miur...                Black / Metal       Smoke tint          Black                   PR5  GRP31  Malaysia  Named Lamborghini Aventador Coupe Base code(s)...    NaN
17      NaN  2022           Hot Wheels id: HW Screen Time 02/03         Spectraflame Nero Nemesis           Detailed headlights, taillights and trim  Transparent black / Plastic       Smoke tint          Black                    ID  HBG33  Malaysia                                  Base code(s): P38    NaN
18      NaN  2022                Lamborghini Car Culture 2-Pack                    Grigio Telesto            Detailed headlights, Lamborghini emblem                Black / Metal       Smoke tint          Black          Black RR5SPM  HFF32  Thailand                        Base code(s): R29, R30, R31    NaN)"
"('Lamborghini Aventador J',       Col #  Year                     Series                  Color                                              Tampo    Base Color / Type    Window Color Interior Color             Wheel Type  Toy #    Country                                 Notes / Variations  Photo
0   180/250  2013  HW Showroom: HW All Stars    Metalflake Dark Red             Headlights, Black Stripes on both side      Black / Plastic  Tinted (Smoke)      Dark Grey                    OH5  X1612   Malaysia              New Model Base code(s): F17, F23, F24    NaN
1   180/250  2013  HW Showroom: HW All Stars                  ZAMAC             Headlights, Black Stripes on both side      Black / Plastic  Tinted (Smoke)      Dark Grey                    OH5  X2055   Malaysia  New Model Walmart Exclusive Zamac Edition Base...    NaN
2   196/250  2014  HW Workshop: HW All Stars                 Yellow  Black Stripes on both side, Headlights and Lam...       Grey / Plastic  Tinted (Smoke)      Dark Grey                    PR5  BFD70   Malaysia                                  Base code(s): F52    NaN
3   196/250  2014  HW Workshop: HW All Stars               Sky Blue  Black Stripes on both side, Headlights and Lam...       Grey / Plastic  Tinted (Smoke)      Dark Grey                    PR5  BFG87   Malaysia                                  Base code(s): G13    NaN
4       NaN  2015          HW Exotics 5-Pack              Aqua Blue  White Stripes on hood, Detailed Headlights & H...      Black / Plastic  Tinted (Smoke)      Dark Grey              White PR5  CDT27   Malaysia                             Base code(s): H39, H41    NaN
5       NaN  2017          HW Exotics 5-Pack             Dark Green  Black Stripes on hood, Detailed Headlights & H...      Black / Plastic  Tinted (Smoke)      Dark Grey               Grey PR5  DVF95   Malaysia                             Base code(s): K08, K16    NaN
6   223/250  2019            HW Exotics 8/10    Spectraflame Orange  Black Stripes on hood & sides, Detailed Headli...  Dark Grey / Plastic  Tinted (Smoke)      Dark Grey             Black RREx  FYG07   Malaysia              Super Treasure Hunt Base code(s): M14    NaN
7   223/250  2019            HW Exotics 8/10                 Orange  Black Stripes on hood & sides, Detailed Headli...  Dark Grey / Plastic  Tinted (Smoke)          Black              Black MC5  FYD74   Malaysia              Base code(s): M16, M17, M18, M19, M21    NaN
8       NaN  2020         Lamborghini 5-Pack            White Satin        Detailed Headlights. Black Stripes on hood.       Grey / Plastic  Tinted (Smoke)           Grey             Grey TRAP5  GHP62  Indonesia              Base code(s): N18, N19, N24, N42, N49    NaN
9       NaN  2021        Multipack Exclusive     Metaflake Dark Red           Headlights, Black & White Stripe on hood      Black / Plastic  Tinted (Smoke)          Black                    PR5  X6999   Malaysia                                  Base code(s): P03    NaN
10      NaN  2021        Multipack Exclusive                  Black  Headlights, Black & White Stripe on hood, Lamb...      Black / Plastic  Tinted (Smoke)          Black     Chrome & Black PR5  X6999   Malaysia                                  Base code(s): P16    NaN
11      NaN  2021        Multipack Exclusive                 Yellow                   Headlight details. Black Stripes      Black / Plastic  Tinted (Smoke)          Black               Gray PR5  X6999   Malaysia                                  Base code(s): P36    NaN
12      NaN  2022        Multipack Exclusive       Metalflake Green                              Black stripes on hood      Black / Plastic          Tinted          Black               Gray PR5  X6999   Malaysia  Absolutely identical to the model from 5-pack ...    NaN
13      NaN  2023        Multipack Exclusive  Metalflake Light Blue                              Black stripes on hood      Black / Plastic          Tinted          Black  Black, Chrome Rim PR5  X6999   Malaysia                                      Base code(s):    NaN)"
"('Lamborghini Sesto Elemento',       Col #  Year                          Series                    Color                                              Tampo        Base Color / Type    Window Color Interior Color                Wheel Type  Toy #    Country                                 Notes / Variations  Photo
0   039/250  2014             HW City: Speed Team              Satin White   Detailed headlights, Lamborghini emblem on front      Dark Grey / Plastic  Tinted (Smoke)           Lime        Chrome Green TRAP5  BDC81   Malaysia                   New Model Base code(s): F43, F44    NaN
1   039/250  2014             HW City: Speed Team               Satin Grey   Detailed headlights, Lamborghini emblem on front      Dark Grey / Plastic  Tinted (Smoke)            Red                Grey TRAP5  BFF92   Malaysia  New Model Need for Speed Base code(s): G04, G0...    NaN
2   198/250  2015      HW Workshop: Night Burnerz                  Sublime   Detailed headlights, Lamborghini emblem on front           Grey / Plastic  Tinted (Smoke)          Black                   Grey J5  CFH88   Malaysia                   Base code(s): H25, H27, H28, H29    NaN
3   080/250  2016                HW Exotics 10/10                     Aqua  Black stripes, Detailed headlights, Lamborghin...          Black / Plastic  Tinted (Smoke)          Black                Grey TRAP5  DHR02   Malaysia                        Base code(s): J08, J11, J13    NaN
4       NaN  2017                 Lamborghini 2/8                    Black  Detailed headlights, Yellow accents on hood an...         Yellow / Plastic  Tinted (Smoke)         Yellow                        Y5  DWF28   Thailand                                  Base code(s): K09    NaN
5       NaN  2018               HW Exotics 5‑Pack               Frost gold  Detailed headlights, Black, Orange stripes on ...  Metallic Gray / Plastic  Tinted (Smoke)          Black                BlackTRAP5  FKT62  Indonesia                             Base code(s): L13, L40    NaN
6       NaN  2019               HW Exotics 5‑Pack                 Dark Red  Detailed headlights, Black stripes on hood and...          Black / Plastic  Tinted (Smoke)          Black  Chrome Red Rim, Black J5  FYL17  Indonesia                   Base code(s): L49, L50, M06, M27    NaN
7   164/250  2020                HW Exotics 10/10               Light Blue                    Detailed Headlights and Exhaust          Black / Plastic  Tinted (Smoke)         Orange                Orange RA6  GHC35   Malaysia         Base code(s): N04, N05, N06, N07, N08, N09    NaN
8   164/250  2020                HW Exotics 10/10  Spectraflame Light Blue  Detailed Headlights and Exhaust, ""25TH"" Hot Wh...          Black / Plastic  Tinted (Smoke)         Orange               Orange RREx  GHG17   Malaysia              Super Treasure Hunt Base code(s): N02    NaN
9       NaN  2021  Mystery Models (Series 2) 2/12                    Black               Red & Green Design on Sides, Details          Black / Plastic           Clear            Red            White AeroDisc  GTF10   Malaysia                                      Base code(s):    NaN
10      NaN  2022               Motor Show 5‑Pack                   Yellow  Detailed headlights, Lamborghini emblem on fro...          Black / Plastic  Tinted (Smoke)            Red               Black TRAP5  HFV80  Indonesia              Base code(s): P34, P36, P45, P48, R15    NaN)"
"('Lamborghini Veneno',       Col #  Year                                      Series                Color                                              Tampo    Base Color / Type    Window Color Interior Color                   Wheel Type  Toy #    Country                        Notes / Variations  Photo
0   037/250  2014                         HW City: Speed Team    Metalflake Silver  Red, White & Green stripes on sides, Lamborghi...      Black / Plastic           Clear          Black       Chrome Red & Black PR5  BDC79   Malaysia               New Model Base code(s): G09    NaN
1   037/250  2014                         HW City: Speed Team    Metalflake Orange  Red, White & Green stripes on sides, Lamborghi...      Black / Plastic           Clear          Black           Chrome & Black PR5  BFF90   Malaysia               New Model Base code(s): G28    NaN
2   189/250  2015                  HW Workshop: Thrill Racers  Metalflake Dark Red  White & Black stripes on sides, Lamborghini em...      Black / Plastic           Clear          Black         Chrome & Black OH5SP  CFH84   Malaysia                    Base code(s): G41, G42    NaN
3   189/250  2015                  HW Workshop: Thrill Racers            Unpainted                    Black & Orange stripes on sides      Black / Plastic  Tinted (Black)          Black  Chrome Orange & Black OH5SP  CFJ86   Malaysia  Walmart Exclusive Base code(s): G37, G47    NaN
4       NaN  2016  Hot Wheels Entertainment: Gran Turismo 4/5         Pearl Yellow  Detailed head- & taillights, Black & Gold stri...  Satin Black / Metal  Tinted (Black)          Black            Gold & Black MCRR  DJF58   Malaysia                         Base code(s): J25    NaN
5   165/365  2017                             HW Exotics 6/10           Lime Green                       Black stripes on sides & top      Black / Plastic  Tinted (Black)          Black            White & Black PR5  DVB09   Malaysia               Base code(s): J52, K03, K04    NaN
6       NaN  2017                             HW Exotics 6/10                White                       Black stripes on sides & top      Black / Plastic  Tinted (Black)          Black            White & Black PR5  FBJ13   Malaysia        Kroger Exclusive Base code(s): K07    NaN
7       NaN  2018                         Multipack Exclusive                 Blue  Detailed headlights, Black & Yellow stripes on...      Black / Plastic          Tinted           Grey           Yellow & Black OH5    NaN   Malaysia          Base code(s): K27, K38, K39, L39    NaN
8       NaN  2019                         Forza Horizon 4 5/6                 Grey  Forza Logo, 'FORZA HORIZON 4', Thin Green, Whi...      Black / Plastic  Tinted (Smoke)          Black                    Black RA6  GBB64   Thailand               Base Code(s): M18, M19, M23    NaN
9       NaN  2020                          Lamborghini 5-Pack      Metalflake Gold        Detailed Headlights. Black Stripes on Hood.      Black / Plastic  Tinted (Black)          Black                    Black MC5  GHP62  Indonesia     Base Code(s): N18, N19, N24, N42, N49    NaN
10      NaN  2021                           HW Exotics 5-Pack          Dark Purple  Red, White & Green stripes on sides, Lamborghi...      Black / Plastic  Tinted (Black)          Black         White Rim, Black PR5  GTN33  Indonesia               Base Code(s): N30, N31, N49    NaN
11      NaN  2023             Car Culture: Speed Machines 5/5           Rosso Mars  Detailed headlights, taillights and reflectors...        Black / Metal      Smoke tint          Black                          CM6  HKC41   Thailand          Base code(s): S03, S04, S05, S06    NaN)"
"('Lamborghini Urus',      Col #  Year                        Series             Color                                              Tampo Base Color / Type    Window Color Interior Color      Wheel Type  Toy #   Country                           Notes / Variations  Photo
0  023/250  2015         HW City: Street Power    Metalflake Red  Lamborghini emblem on front, 'Lamborghini' & '...   Black / Plastic  Tinted (Black)          Black             PR5  CFG93  Malaysia   New Model Base code(s): G34, G36, G37, G41    NaN
1  023/250  2015         HW City: Street Power       Pearl White  Lamborghini emblem on front, 'Lamborghini' & '...   Black / Plastic  Tinted (Black)          Black             PR5  CFJ72  Malaysia             New Model Base code(s): H07, H09    NaN
2  142/250  2016            HW Hot Trucks 2/10   Metalflake Blue  Detailed headlights, 'Lamborghini' & 'Urus' on...   Black / Plastic  Tinted (Black)          Black             OH5  DHR48  Malaysia                       Base code(s): H33, H37    NaN
3  142/250  2016            HW Hot Trucks 2/10            Orange  Detailed headlights, 'Lamborghini' & 'Urus' on...   Black / Plastic  Tinted (Black)          Black  Chrome Lip PR5  DHX44  Malaysia             Base code(s): H46, H49, H50, H52    NaN
4      NaN  2017               Lamborghini 7/8    Metalflake Red   Detailed head- & taillights, Black stripe on top   Black / Plastic  Tinted (Black)          Black  Chrome Lip OH5  DWF29  Thailand                            Base code(s): J52    NaN
5      NaN  2017           Multipack Exclusive             Green                        Detailed head- & taillights   Black / Plastic  Tinted (Black)          Black             OH5  X6999  Malaysia                            Base code(s): K11    NaN
6      NaN  2022  Car Culture: AutoStrasse 3/5  Arancio Borealis  Detailed headlamps, taillamps and reflectors, ...     Black / Metal      Smoke tint          Black          RR5SPM  HCK16  Thailand  New Die-Cast Chassis Base code(s): R38, R40    NaN)"
"('Lamborghini Huracán LP 610-4',       Col #  Year                                       Series           Color                                              Tampo Base Color / Type Window Color Interior Color           Wheel Type  Toy #   Country                                 Notes / Variations  Photo
0   222/250  2015                       HW Workshop: HW Garage    Giallo Midas  Headlights, Lamborghini emblem on front, 'Lamb...   Black / Plastic       Tinted          Black                  PR5  CFH19  Malaysia                        New Model Base code(s): H03    NaN
1   222/250  2015                       HW Workshop: HW Garage    Verde Mantis  Headlights, Lamborghini emblem on front, 'Lamb...   Black / Plastic       Tinted          Black                  PR5  CFL39  Malaysia              New Model Base code(s): H04, H05, H07    NaN
2   076/250  2016                              HW Exotics 6/10   Arancio Argos  Black thick stripe on hood & top, tampo'd head...   Black / Plastic       Tinted          Black            Black PR5  DHR00  Malaysia                             Base code(s): H31, H36    NaN
3       NaN  2017                            HW Exotics 5-Pack      Rosso Mars  White Stripes on hood & top, headlights, Hot W...   Black / Plastic       Tinted          Black                TRAP5  DVF95  Malaysia                             Base code(s): K08, K30    NaN
4       NaN  2017                         Forza Motorsport 4/6  Bianco Canopus  Black stripe on hood & top, XBOX, & Forza Moto...   Black / Plastic       Tinted          Black     Gold & Black PR5  DWF35  Malaysia                                  Base code(s): K21    NaN
5       NaN  2018  Replica Entertainment: Forza Motorsport 5/5     Nero Helene        Forza Motorsport Logo On sides, hood & Roof     Black / Metal        Clear           Grey                 MCRR  FLD17  Thailand                             Base code(s): L31, L32    NaN
6       NaN  2019        Replica Entertainment: Doctor Strange     Grigio Lynx  Detailed headlights and taillights. Lamborghin...     Black / Metal        Clear           Grey        Chrome RR6SPM  FYP59  Thailand  Named Lamborghini Huracán Coupe Base code(s): ...    NaN
7   245/250  2019                           Factory Fresh 9/10   Grigio Titans  2 thin parallel Orange lines on hood & roof, '...   Black / Plastic       Tinted          Black  Chrome Orange TRAP5  FYC12  Malaysia  Named Lamborghini Huracán Base code(s): M24, M...    NaN
8       NaN  2021                        Factory 500 H.P. 8/10    Nero Serapis  Yellow stripes on hood & sides, detailed headl...   Black / Plastic   Smoke tint           Grey             Black Y5  GRT09  Thailand                        Base Code(s): N38, N39, P06    NaN
9       NaN  2021                          Multipack Exclusive     Blu Le Mans  Black stripes on hood & roof, Lamborghini embl...   Black / Plastic       Tinted          Black            Black PR5  X6999  Malaysia                             Base Code(s): P01, P02    NaN
10      NaN  2021                 Car Culture: Exotic Envy 5/5    Verde Ithaca   Detailed headlamps and taillamps, rear detailing     Black / Metal   Smoke tint          Black        Chrome RR5SPM  GRJ74  Thailand                             Base Code(s): P13, P14    NaN
11      NaN  2022                          Multipack Exclusive  Viola Parsifae           Black stripes on hood, headlight details   Black / Plastic       Tinted          Black            Black PR5  X6999  Malaysia                                      Base code(s):    NaN
12      NaN  2022                       World Class Racers 2/5     Giallo Inti  Detailed headlamps and taillamps, black stripe...   Black / Plastic       Tinted          Black                TRAP5  HDH23  Malaysia                                  Base code(s): R26    NaN
13      NaN  2022               Lamborghini Car Culture 2-Pack       Blu Notte           Detailed headlights, taillights and trim     Black / Metal   Smoke tint          Black              RR10SPM  HFF32  Thailand                        Base code(s): R29, R30, R31    NaN
14      NaN  2023                          Multipack Exclusive             Red  Black stripe on hood and roof, detailed headli...   Black / Plastic   Smoke Tint          Black            Black PR5  X6999  Malaysia                                      Base code(s):    NaN)"
"('Lamborghini Huracán LP 620-2 Super Trofeo',      Col #  Year                          Series              Color                                              Tampo Base Color / Type    Window Color Interior Color             Wheel Type  Toy #    Country                     Notes / Variations  Photo
0  082/250  2016              Night Burnerz 2/10    Metalflake Gray  '63' on sides, Green, White & Red stripes on s...   Black / Plastic   Tinted (Gray)          Black              Gray 10SP  DHP02   Malaysia  New Model Base code(s): J24, J25, J29    NaN
1  107/365  2017         HW Speed Graphics 10/10  Metalflake Yellow         '33' on sides, White stripe on sides & top   Black / Plastic   Tinted (Gray)          Black               Gray PR5  DTX66   Malaysia       Base code(s): J45, J48, J50, J49    NaN
2  107/365  2017         HW Speed Graphics 10/10  Metalflake Yellow         '33' on sides, White stripe on sides & top   Black / Plastic   Tinted (Gray)          Black              Gray 10SP  DTX66   Malaysia                 Base code(s): J43, J44    NaN
3  319/365  2017         HW Speed Graphics 10/10        Light Green         '33' on sides, White stripe on sides & top   Black / Plastic   Tinted (Gray)          Black              Gray 10SP  DVB64   Malaysia                 Base code(s): K22, K24    NaN
4  150/365  2018                 HW Exotics 1/10        Pearl White        '06' on sides, Red & green stripes on sides     Red / Plastic   Tinted (Gray)          Black                Gray Y5  FJX97   Malaysia            Base code(s): K45, L01, L04    NaN
5  268/365  2018                 HW Exotics 1/10             Orange     '06' on sides, Black & whites stripes on sides   Black / Plastic   Tinted (Gray)          Black              Black MC5  FJY05   Malaysia                 Base code(s): L16, L20    NaN
6      NaN  2019  Mystery Models (Series 2) 1/12        Matte Black                    White, Green & Red Stripes, '1'  Yellow / Plastic   Tinted (Gray)          Black  Black (White Rim) PR5  GBD52   Malaysia                      Base code(s): M05    NaN
7      NaN  2019                     Exotics 6/6               Gold     '06' on sides, Black & whites stripes on sides   Black / Plastic   Tinted (Gray)          Black             Black 10SP  GBB79   Thailand                      Base code(s): M26    NaN
8      NaN  2020              Lamborghini 5-Pack               Blue  Detailed Headlights. Italian Flag Striping & '...   Black / Plastic  Tinted (Smoke)           Grey            Yellow 10SP  GHP62  Indonesia  Base code(s): N18, N19, N24, N42, N49    NaN)"
"('Lamborghini Countach Pace Car',      Col #  Year             Series   Color                                              Tampo Base Color / Type   Window Color Interior Color     Wheel Type  Toy #    Country                                 Notes / Variations  Photo
0  217/365  2018    HW Exotics 9/10     Red     #50 Grand Prix both sides, Safety Car on back.     Red / Plastic  Tinted (Blue)           Grey       AeroDisc  FJV79   Malaysia              New Model Base Code(s): L09, L11, L14    NaN
1  316/365  2018    HW Exotics 9/10   White  #50 Grand Prix both sides, front running light...   White / Plastic   Tinted (Red)           Grey       AeroDisc  FJY15   Malaysia         New Model Base Code(s): L22, L23, L24, L26    NaN
2  142/250  2019     HW Rescue 2/10   Black  White hood & doors with POLICE, HWPD 68 star &...   Black / Plastic  Tinted (Blue)           Grey       Gold 5SP  FYC79   Malaysia  Named Lamborghini Countach Police Car Base Cod...    NaN
3  142/250  2019     HW Rescue 2/10    Blue  White hood & doors with POLICE, HWPD 68 star &...    Blue / Plastic   Tinted (Red)           Grey       AeroDisc  FYG84   Malaysia  Named Lamborghini Countach Police Car Base Cod...    NaN
4  247/250  2021    HW Rescue 10/10   White                   EMERGENCY on both sides & front.   Black / Plastic      Blue tint          Black  Grey AeroDisc  GTC86   Malaysia  Treasure Hunt Named Lamborghini Countach Polic...    NaN
5      NaN  2023  Motor Show 5‑Pack  Yellow  Black, Red, Gold & White stripes. White HW log...   Black / Plastic          Smoke         Chrome       AeroDisc  HLY63  Indonesia                                Base Code(s): FJV79    NaN)"
"('Lamborghini Centenario Roadster',      Col #  Year                             Series             Color                                              Tampo            Base Color / Type    Window Color Interior Color Wheel Type  Toy #   Country                                 Notes / Variations  Photo
0  213/250  2019                    HW Exotics 5/10              Grey  Detailed headlights & taillights, Lamborghini ...          Dark Grey / Plastic  Tinted (Black)          Black        PR5  FYB38  Malaysia  New Model Base code(s): M11, M12, M13, M14, M1...    NaN
1  170/250  2020                   HW Roadsters 2/5             White  Detailed headlights & taillights, Lamborghini ...                Red / Plastic  Tinted (Smoke)          Black  Black PR5  GHC73  Malaysia                             Base code(s): N07, N09    NaN
2  170/250  2020                   HW Roadsters 2/5               Red  Detailed headlights & taillights, Lamborghini ...              Black / Plastic  Tinted (Smoke)          Black        PR5  GLN67  Malaysia                        Base code(s): N28, N29, N31    NaN
3  170/250  2020                   HW Roadsters 2/5               Red  Detailed headlights & taillights, Lamborghini ...              Black / Plastic  Tinted (Smoke)          Black        MC5  GLN67  Malaysia                                  Base code(s): N30    NaN
4      NaN  2020  Hot Wheels id: Nightburnerz 04/04  Spectraflame Red  Detailed headlights & taillights, Lamborghini ...  Transparent Black / Plastic  Tinted (Smoke)          Black   Black ID  HBF91  Malaysia                                  Base code(s): N39    NaN
5      NaN  2021                Multipack Exclusive  Metalflake Green  Detailed headlights & taillights, Lamborghini ...              Black / Plastic  Tinted (Smoke)          Black         Y5  K5904  Malaysia                             Base code(s): N46, N52    NaN
6      NaN  2022                Multipack Exclusive             Black  Detailed headlamps & taillamps, Lamborghini em...             Orange / Plastic          Tinted          Black        PR5  X6999  Malaysia                                  Base code(s): R04    NaN)"
"(""'71 Lamborghini Miura P400 SV"",   Series #  Year                              Series                                Color                                              Tampo             Base Color / Type    Window Color Interior Color Wheel Type  Toy #   Country                                 Notes / Variations  Photo
0      NaN  2019  Hot Wheels id: Factory Fresh 03/06            Spectraflame Giallo Miura  Detailed headlights, taillights, grilles, badg...  Transparent Yellow / Plastic  Tinted (smoke)           Grey  Chrome ID  FXB06  Malaysia                        Base code(s): M15, M16, M17    NaN
1      NaN  2020  Hot Wheels id: Factory Fresh 01/04  Spectraflame Verde Rio Metallizzato  Detailed headlights, taillights, grilles, badg...   Transparent Green / Plastic  Tinted (smoke)           Grey  Chrome ID  GML20  Malaysia  Named '71 Lamborghini Miura SV Base code(s): N...    NaN
2  202/250  2022                     HW Exotics 5/10                        Arancio Miura  Detailed headlamps, taillamps, air intakes and...              Orange / Plastic      Smoke Tint     Light Gray        MC5  HCV34  Malaysia  New in Mainline Base code(s): R16, R17, R19, R...    NaN
3  202/250  2022                     HW Exotics 5/10           Spectraflame Arancio Miura  Detailed headlamps, taillamps, air intakes and...              Orange / Plastic      Smoke Tint     Light Gray     RR10SP  HCY13  Malaysia              Super Treasure Hunt Base code(s): R13    NaN
4  202/250  2022                     HW Exotics 5/10                            Blu Miura  Detailed headlamps, taillamps, air intakes and...                Blue / Plastic      Smoke Tint     Light Gray        MC5  HCX02  Malaysia        New in Mainline Base code(s): R31, R34, R35    NaN)"
"(""'82 Lamborghini Countach LP500 S"",    Col #  Year                 Series                  Color                                              Tampo Base Color / Type         Window Color  Interior Color                                Wheel Type  Toy # Country Notes / Variations  Photo
0    NaN  2019    RLC Special Edition       Spectraflame Red                                   Badges & Details     Black / Metal  Tinted (Light Grey)  Tan w/ Details                                  Gold RRA  GDF85   China    12,500 Produced    NaN
1    NaN  2020    RLC Special Edition     Spectraflame Black                         Detailed Trim, Red Stripes     Black / Metal       Tinted (Smoke)  Red w/ Details  Silver Lip, Red Center Cap, Black RR8DOT  GLH89   China    12,000 Produced    NaN
2    NaN  2022         RLC sELECTIONs  Spectraflame Ice Blue  Authentic logos with ""TORO BLU"" rear license p...               TBD         Tinted Smoke            Blue                             Silver RR5SPM  HGW25   China                NaN    NaN
3    NaN  2022  RLC Exclusive Release     Spectraflame Olive  Matte black fenders and rear wing; authentic l...               TBD         Tinted Smoke             NaN                             Copper RR5SPM  HGW20   China                NaN    NaN)"
"(""'17 Lamborghini Urus"",      Col #  Year              Series            Color                                              Tampo Chassis Color / Type    Window Color Interior Color Wheel Type  Toy #   Country                Notes / Variations  Photo
0  213/250  2020     HW Exotics 1/10           Yellow     Detailed headlamps and taillamps, URUS license      Black / Plastic  Tinted (Black)          Black         Y5  GHB36  Malaysia       New Model Base code(s): N22    NaN
1  064/250  2021  Factory Fresh 4/10  Metalflake Blue  Detailed headlamps and taillamps, URUS license...      Black / Plastic  Tinted (Black)          Black      TRAP5  GRY29  Malaysia  Base code(s): N38, N40, N42, N43    NaN
2  064/250  2021  Factory Fresh 4/10            White  Detailed headlamps and taillamps, URUS license...      Black / Plastic  Tinted (Black)          Black      TRAP5  GTB95  Malaysia            Base code(s): N51, P08    NaN)"
"('LB-WORKS Lamborghini Huracán Coupé',      Col #  Year                   Series        Color                                              Tampo Base Color / Type Window Color Interior Color      Wheel Type  Toy #   Country                     Notes / Variations  Photo
0  197/250  2021  HW Speed Graphics 10/10   Light Gray    Dark gray camouflage pattern, sponsors on sides   Black / Plastic   Smoke tint          Black  AeroDisc & DD8  GRX61  Malaysia  New Model Base Code(s): P14, P17, P18    NaN
1  172/250  2022          HW Exotics 3/10  Matte white  Diagonal black lines, Lamborghini, Liberty Wal...   Black / Plastic   Smoke tint          Black      Black 10SP  HCT97  Malaysia            Base code(s): R10, R12, R14    NaN
2  172/250  2022          HW Exotics 3/10        Green  Diagonal black lines, Lamborghini, Liberty Wal...   Black / Plastic   Smoke tint          Black             PR5  HCY55  Malaysia     Kroger Exclusive Base code(s): R20    NaN)"
"('Lamborghini Sián FKP 37',      Col #  Year              Series                        Color                                              Tampo Base Color / Type    Window Color Interior Color Wheel Type  Toy #   Country                             Notes / Variations  Photo
0  085/250  2022  Factory Fresh 1/10  Metalflake Verde Gea Lucido  Detailed headlights, taillights, badges and tr...   Black / Plastic  Tinted (Smoke)          Black    Gold J5  HCT08  Malaysia  New Model Base codes: R16, R17, R19, R20, R22    NaN
1  163/250  2023     HW Exotics 1/10                Arancio Atlas  Detailed headlights, taillights, badges and tr...   Black / Plastic  Tinted (Smoke)          Black    Gray J5  HKH93  Malaysia                           Base codes: S05, S10    NaN)"
"('Lamborghini Essenza SCV12',    Col #  Year                        Series                                              Color                                              Tampo Base Color / Type Window Color Interior Color Wheel Type  Toy #   Country       Notes / Variations  Photo
0    NaN  2022  Car Culture: Exotic Envy 5/5  Two-tone polished Verde Selvans and Nero Aldeb...  Detailed taillights, trim and front winglets, ...     Black / Metal        Clear          Black    RR10SPM  HCJ29  Thailand   Base code(s): R24, R27    NaN
1    NaN  2022  Car Culture: Exotic Envy 0/5                                     Nero Aldebaran        Detailed taillights, ""63"" on sides and hood     Black / Metal        Clear          Black    RR10SPM  HCJ93  Thailand  Chase Base code(s): R26    NaN
2    NaN  2023       Track Day Collector Set                                     Viola Aletheia  Detailed taillights, trim and front winglets, ...     Black / Metal   Smoke tint          Black    RR10SPM  HKC15  Thailand        Base code(s): S06    NaN)"
"('Lamborghini Countach LP 5000 QV',    Col #  Year                              Series           Color                                              Tampo Base Color / Type      Window Color Interior Color Wheel Type  Toy #   Country                Notes / Variations  Photo
0    NaN  2022  Car Culture: Jay Leno's Garage 4/5  Rosso Siviglia  Detailed headlights, taillights and trim, ""dis...       Red / Metal  Light smoke tint    Desert sand      RR8SP  HCK09  Thailand            Base code(s): R31, R32    NaN
1    NaN  2022  Car Culture: Jay Leno's Garage 0/5    Nero Tenebre  Detailed headlights, taillights and trim, ""dis...     Black / Metal             Clear          Black        RRA  HCK10  Thailand               Chase Base code(s):    NaN
2    NaN  2023       Car Culture: Spettacolare 3/5     Giallo Sole  Detailed headlights, taillights and trim, ""dis...    Yellow / Metal        Smoke tint          Black     RR8DOT  HKC47  Thailand  Base code(s): S14, S16, S17, S18    NaN)"
"('Lamborghini Countach LPI 800-4',    Col #  Year                         Series            Color                                     Tampo Base Color / Type    Window Color Interior Color Wheel Type  Toy #   Country            Notes / Variations  Photo
0    NaN  2023  Car Culture: Spettacolare 4/5  Bianco Siderale  Detailed headlights, taillights and trim     Black / Metal  Tinted (Smoke)            Red     RR5SPM  HKC40  Thailand   Base code(s): S16, S18, S19    NaN
1    NaN  2023  Car Culture: Spettacolare 0/5        Nero Maia  Detailed headlights, taillights and trim     Black / Metal  Tinted (Smoke)          Black     RR5SPM  HKC51  Thailand  Chase Base code(s): S15, S16    NaN)"
"('LBWK Lamborghini Aventador LP 700-4',    Col #  Year       Series       Color                                              Tampo Base Color / Type Window Color Interior Color Wheel Type  Toy # Country              Notes / Variations  Photo
0    NaN  2023  Elite 64 #4  Pearl blue  Detailed headlights and taillights, ""LBWK"" on ...     Black / Metal   Smoke tint          Black         RR  HGW14   China  Base code(s): 1293EAA, 1323EAA    NaN)"
"('Lamborghini Countach LPI 800-4 (1:43)',    Col #  Year   Series            Color                                              Tampo Base Color / Type Window Color Interior Color  Toy # Country              Notes / Variations  Photo
0    NaN  2023  1:43 #1  Bianco Siderale  ""LPI 800-4"" on sides, small Lamborghini logo o...     Black / Metal   Smoke tint    Red & Black  HMD49   China  Base code(s): 1053EAA, 0763EAA    NaN)"
